{
  "timestamp": "20260124_144750",
  "num_samples": 30,
  "ragas_metrics": {
    "faithfulness": 0.9543141172552937,
    "answer_relevancy": 0.7735463369717338,
    "context_precision": 0.9666666665699997,
    "context_recall": 0.8833333333333333
  },
  "ragas_average": 0.8944651135325902,
  "performance_metrics": {
    "latency_p50": 6.8707661628723145,
    "latency_p95": 10.035586190223691,
    "latency_mean": 7.576709802945455,
    "tokens_mean": 3562.3,
    "tokens_p95": 4129.0,
    "success_rate": 1.0,
    "failure_rate": 0.0,
    "hit@1_mean": 0.64,
    "recall@1_mean": 0.56,
    "hit@3_mean": 1.0,
    "recall@3_mean": 0.96,
    "hit@5_mean": 1.0,
    "recall@5_mean": 0.96,
    "mrr_mean": 0.8066666666666668
  }
}